,id,effect,colorfullness,edges,r_mean,r_variance,r_kurtosis,r_skewness,g_mean,g_variance,g_kurtosis,g_skewness,b_mean,b_variance,b_kurtosis,b_skewness
0,CR495647197417701376,57.56363636,88.24363134,250,292.96875,11245.10352,0.70707202,0.047920905,292.96875,10992.2666,0.751591444,0.049525574,292.96875,15129.875,0.798682749,0.051625926
1,CR497054572301254656,717.4444444,106.8790139,60,109.6875,926.3803711,0.23969464,0.044739082,109.6875,1659.597778,0.375001311,0.056634743,109.6875,1312.294312,0.339006484,0.053961754
2,CR497336047277965312,33.10526316,106.8790139,60,109.6875,926.3803711,0.23969464,0.044739082,109.6875,1659.597778,0.375001311,0.056634743,109.6875,1312.294312,0.339006484,0.053961754
3,CR497648858336067584,139.8958333,41.24679049,600,375,4368.473145,0.603923857,0.039416943,375,4381.41748,0.603150487,0.039385647,375,4352.796387,0.609265685,0.039652448
4,CR503669234253955072,12.84722222,101.5833016,90,255.9375,1581.869141,0.113747306,0.020178391,255.9375,2822.790039,0.168385431,0.02455676,255.9375,2033.346191,0.162789002,0.024331126
5,CR505598327404888064,2422.410042,62.42930325,250,292.96875,16552.4707,0.780996859,0.05091447,292.96875,16830.69727,0.7630229,0.050149255,292.96875,16586.45703,0.773306668,0.050584137
6,CR506343246532706304,104,100.2806286,600,281.25,3718.476074,0.103802003,0.01872156,281.25,6334.45166,0.166783348,0.023576505,281.25,5108.264648,0.15500541,0.022740718
7,CR506906196486127616,49.47368421,106.8790139,60,109.6875,926.3803711,0.23969464,0.044739082,109.6875,1659.597778,0.375001311,0.056634743,109.6875,1312.294312,0.339006484,0.053961754
8,CR507187671462838272,76.06756757,63.16933667,250,292.96875,11102.88184,0.740341365,0.049109366,292.96875,11279.44727,0.722828567,0.048380848,292.96875,11268.82715,0.714500487,0.048004188
9,CR509157996299812864,36.75,103.0334436,600,375,4934.323242,0.077450499,0.013962757,375,8280.849609,0.121919461,0.017409356,375,6621.155273,0.10930787,0.016570229
10,CR50916734214864896,409.5454545,87.73502754,250,244.140625,7887.510254,0.876303256,0.058601204,244.140625,7591.039551,0.92026788,0.0601843,244.140625,10485.39063,0.966762066,0.062298369
11,CR510565371183366144,287.2941176,71.70386354,600,375,17047.89648,0.621663928,0.040226202,375,17282.17773,0.614298642,0.039900165,375,19275.83789,0.616777837,0.04001287
12,CR511409796113498112,83.73333333,100.6175441,250,292.96875,3240.734375,0.09577506,0.017565018,292.96875,5687.674316,0.150217205,0.021961493,292.96875,4610.05127,0.129692167,0.02046149
13,CR511972746066919424,814.6,106.8790139,60,109.6875,926.3803711,0.23969464,0.044739082,109.6875,1659.597778,0.375001311,0.056634743,109.6875,1312.294312,0.339006484,0.053961754
14,CR513239383462117376,246.3714286,71.70386354,600,375,17047.89648,0.621663928,0.040226202,375,17282.17773,0.614298642,0.039900165,375,19275.83789,0.616777837,0.04001287
15,CR5135818813341696,5095,60.98600142,90,255.9375,22681.03125,0.927281916,0.059749708,255.9375,22825.22852,0.914987743,0.059210684,255.9375,22609.04102,0.925041378,0.05964959
16,CR514365283368960000,20.38709677,71.70386354,600,375,17047.89648,0.621663928,0.040226202,375,17282.17773,0.614298642,0.039900165,375,19275.83789,0.616777837,0.04001287
17,CR516741877752397824,489.2727273,90.70622628,90,255.9375,22983.92969,0.883699656,0.058011141,255.9375,22586.48242,0.929464757,0.05984246,255.9375,27559.50977,0.950344801,0.060776986
18,CR517278439426752512,100.3670886,63.72317295,250,292.96875,21678.125,0.841521859,0.053584237,292.96875,22041.36133,0.816910565,0.052505955,292.96875,21984.79297,0.840985417,0.053562269
19,CR517420276426735616,303.0762101,62.2248644,250,292.96875,13888.66602,0.783163309,0.051039819,292.96875,14065.90625,0.769145966,0.05044701,292.96875,13913.00293,0.778961658,0.050857875
20,CR51755111831044096,345.8335036,62.5336195,250,292.96875,11901.76855,0.809899867,0.052161552,292.96875,11907.44434,0.789251447,0.051234845,292.96875,11836.25977,0.811796606,0.052247308
21,CR517973330775506944,30.02582496,66.57508703,90,255.9375,18648.62695,0.904569209,0.058750689,255.9375,18781.46875,0.886628628,0.057986364,255.9375,18623.27344,0.894805431,0.058325503
22,CR518165195554553856,94.04081633,63.16933667,250,292.96875,11102.88184,0.740341365,0.049109366,292.96875,11279.44727,0.722828567,0.048380848,292.96875,11268.82715,0.714500487,0.048004188
23,CR518728145507975168,81.36363636,106.8790139,60,109.6875,926.3803711,0.23969464,0.044739082,109.6875,1659.597778,0.375001311,0.056634743,109.6875,1312.294312,0.339006484,0.053961754
24,CR519431832949751808,152.6,87.73502754,250,244.140625,7887.510254,0.876303256,0.058601204,244.140625,7591.039551,0.92026788,0.0601843,244.140625,10485.39063,0.966762066,0.062298369
25,CR521683632763437056,2947.384615,63.16933667,250,292.96875,11102.88184,0.740341365,0.049109366,292.96875,11279.44727,0.722828567,0.048380848,292.96875,11268.82715,0.714500487,0.048004188
26,CR522105845228503040,80.36,101.5028188,250,244.140625,2595.357666,0.110983297,0.020716408,244.140625,4618.632324,0.181423903,0.02639832,244.140625,3800.916016,0.163175076,0.025091231
27,CR522668795181924352,26.72164948,103.0334436,600,375,4934.323242,0.077450499,0.013962757,375,8280.849609,0.121919461,0.017409356,375,6621.155273,0.10930787,0.016570229
28,CR523513220112056320,189.8695652,63.16933667,250,292.96875,11102.88184,0.740341365,0.049109366,292.96875,11279.44727,0.722828567,0.048380848,292.96875,11268.82715,0.714500487,0.048004188
29,CR524357645042188288,27.15,71.70386354,600,375,17047.89648,0.621663928,0.040226202,375,17282.17773,0.614298642,0.039900165,375,19275.83789,0.616777837,0.04001287
30,CR526609444855873536,87.72222222,107.4824222,90,255.9375,2780.115234,0.103973493,0.019629786,255.9375,4865.897949,0.171152383,0.024988972,255.9375,3640.811768,0.155621693,0.023774851
31,CR527172394809294848,49.93333333,100.6175441,250,292.96875,3240.734375,0.09577506,0.017565018,292.96875,5687.674316,0.150217205,0.021961493,292.96875,4610.05127,0.129692167,0.02046149
32,CR527824954960379904,270.5370004,63.05875672,250,292.96875,10259.98242,0.715516925,0.048073441,292.96875,10457.87402,0.693605185,0.047164056,292.96875,10249.50488,0.713901699,0.048027456
33,CR529373067332288512,384.0232762,182.5664836,250,292.96875,25621.82227,0.826450884,0.052919637,292.96875,22813.52539,0.810373068,0.052232012,292.96875,15339.9502,0.788126349,0.051238727
34,CR532801894343507968,60.75824176,88.24363134,250,292.96875,11245.10352,0.70707202,0.047920905,292.96875,10992.2666,0.751591444,0.049525574,292.96875,15129.875,0.798682749,0.051625926
35,CR534240605308452864,31.921875,100.8670636,600,375,4268.943359,0.577092469,0.038190588,375,4329.096191,0.582834721,0.038379047,375,6789.205566,0.589364171,0.038865913
36,CR534490744203771904,844.3333333,106.8790139,60,109.6875,926.3803711,0.23969464,0.044739082,109.6875,1659.597778,0.375001311,0.056634743,109.6875,1312.294312,0.339006484,0.053961754
37,CR534631481692127232,66.36842105,88.24363134,250,292.96875,11245.10352,0.70707202,0.047920905,292.96875,10992.2666,0.751591444,0.049525574,292.96875,15129.875,0.798682749,0.051625926
38,CR537305493970878464,449.0909091,107.4824222,90,255.9375,2780.115234,0.103973493,0.019629786,255.9375,4865.897949,0.171152383,0.024988972,255.9375,3640.811768,0.155621693,0.023774851
39,CR542611187330711552,129,177.285283,90,255.9375,13046.72949,0.923366606,0.059558354,255.9375,15871.96191,0.916471481,0.05926412,255.9375,7460.620117,0.798650324,0.054084152
40,CR54294433935392768,196.1875,101.5028188,250,244.140625,2595.357666,0.110983297,0.020716408,244.140625,4618.632324,0.181423903,0.02639832,244.140625,3800.916016,0.163175076,0.025091231
41,CR543244506028310528,1985.5,182.5664836,250,292.96875,25621.82227,0.826450884,0.052919637,292.96875,22813.52539,0.810373068,0.052232012,292.96875,15339.9502,0.788126349,0.051238727
42,CR543638680946868224,120.8181818,100.6175441,250,292.96875,3240.734375,0.09577506,0.017565018,292.96875,5687.674316,0.150217205,0.021961493,292.96875,4610.05127,0.129692167,0.02046149
43,CR546312693225619456,70.13235294,107.4824222,90,255.9375,2780.115234,0.103973493,0.019629786,255.9375,4865.897949,0.171152383,0.024988972,255.9375,3640.811768,0.155621693,0.023774851
44,CR546453430713974784,75.13636364,88.24363134,250,292.96875,11245.10352,0.70707202,0.047920905,292.96875,10992.2666,0.751591444,0.049525574,292.96875,15129.875,0.798682749,0.051625926
45,CR546683778399993856,186.9565217,62.58809623,250,292.96875,16147.55664,0.792919159,0.051455334,292.96875,16309.90039,0.779771328,0.050896004,292.96875,16120.9707,0.788669646,0.051274098
46,CR546875643179040768,116.6363636,107.4824222,90,255.9375,2780.115234,0.103973493,0.019629786,255.9375,4865.897949,0.171152383,0.024988972,255.9375,3640.811768,0.155621693,0.023774851
47,CR548372628260257792,182.3809524,92.87029568,90,255.9375,20709.68555,0.880652666,0.057885375,255.9375,20405.64258,0.926073134,0.059686687,255.9375,25064.43945,0.945686102,0.060568921
48,CR550534817876279296,84.87234043,101.5028188,250,244.140625,2595.357666,0.110983297,0.020716408,244.140625,4618.632324,0.181423903,0.02639832,244.140625,3800.916016,0.163175076,0.025091231
49,CR55138858865524736,687.9090909,101.5028188,250,244.140625,2595.357666,0.110983297,0.020716408,244.140625,4618.632324,0.181423903,0.02639832,244.140625,3800.916016,0.163175076,0.025091231
50,CR552505142713253888,77.96842105,71.70386354,600,375,17047.89648,0.621663928,0.040226202,375,17282.17773,0.614298642,0.039900165,375,19275.83789,0.616777837,0.04001287
51,CR552645880201609216,18.71830986,106.8790139,60,109.6875,926.3803711,0.23969464,0.044739082,109.6875,1659.597778,0.375001311,0.056634743,109.6875,1312.294312,0.339006484,0.053961754
52,CR552770674771361792,323.1785714,88.42241198,90,255.9375,18858.07422,0.87439245,0.057633851,255.9375,18607.95703,0.923727274,0.059582941,255.9375,22951.0957,0.946576536,0.060607519
53,CR553349567643385856,66.06976744,63.16933667,250,292.96875,11102.88184,0.740341365,0.049109366,292.96875,11279.44727,0.722828567,0.048380848,292.96875,11268.82715,0.714500487,0.048004188
54,CR553631042620096512,86.140625,88.24363134,250,292.96875,11245.10352,0.70707202,0.047920905,292.96875,10992.2666,0.751591444,0.049525574,292.96875,15129.875,0.798682749,0.051625926
55,CR554897680015294464,51.45121951,100.2806286,600,281.25,3718.476074,0.103802003,0.01872156,281.25,6334.45166,0.166783348,0.023576505,281.25,5108.264648,0.15500541,0.022740718
56,CR557712429782401024,156.1052632,103.0334436,600,375,4934.323242,0.077450499,0.013962757,375,8280.849609,0.121919461,0.017409356,375,6621.155273,0.10930787,0.016570229
57,CR55983283795656704,86.14285714,106.8790139,60,109.6875,926.3803711,0.23969464,0.044739082,109.6875,1659.597778,0.375001311,0.056634743,109.6875,1312.294312,0.339006484,0.053961754
58,CR559964229596086272,247.9642857,63.16933667,250,292.96875,11102.88184,0.740341365,0.049109366,292.96875,11279.44727,0.722828567,0.048380848,292.96875,11268.82715,0.714500487,0.048004188
59,CR562075291921416192,704,106.8790139,60,109.6875,926.3803711,0.23969464,0.044739082,109.6875,1659.597778,0.375001311,0.056634743,109.6875,1312.294312,0.339006484,0.053961754
60,CR187620664163696640,28.29090909,74.72340681,280,367.5,755.3226929,0.241522968,0.021805344,367.5,705.1592407,0.344292223,0.028097626,367.5,659.4103394,0.366597772,0.028697308
61,CR188980210291441664,202.4615385,84.51121575,600,703.125,14400.83887,0.079226457,0.010046257,703.125,18320.58984,0.105674684,0.011550171,703.125,11950.82715,0.054980535,0.008332243
62,CR197424459592761344,157.3777778,100.3317388,90,255.9375,6404.111328,0.203084454,0.027736047,255.9375,8231.55957,0.28828615,0.03244533,255.9375,5641.35791,0.190948963,0.026424335
63,CR197472288348569600,114.6428571,70.1665968,250,292.96875,1665.182983,0.274042547,0.028825944,292.96875,2800.14624,0.229605839,0.02752498,292.96875,1782.708862,0.278866351,0.028851764
64,CR19786811253456896,1399,31.39892126,90,255.9375,4772.634766,0.936439097,0.060112327,255.9375,4893.586914,0.943373263,0.060436063,255.9375,4681.162109,0.942830622,0.060421623
65,CR200555318952853504,72.5890411,58.41994009,600,375,2704.199707,0.220957801,0.023243569,375,3690.510986,0.188949868,0.021986598,375,2953.350098,0.208753139,0.022462092
66,CR200942896801644544,2806,67.27441446,600,375,8558.367188,0.576678693,0.03826597,375,9069.207031,0.558368742,0.03745174,375,8161.63623,0.53194344,0.036349602
67,CR203933018673381376,209.0681818,58.16987369,250,292.96875,2573.623779,0.316671133,0.030149017,292.96875,2380.618408,0.280911952,0.028748056,292.96875,1992.427979,0.240584239,0.026454458
68,CR20517436730114048,21.42857143,70.62571252,280,367.5,1324.629395,0.172640309,0.018887317,367.5,1335.47583,0.163588375,0.018479152,367.5,1196.14563,0.215266928,0.021424254
69,CR207169980905553920,73.01162791,70.1665968,250,292.96875,1665.182983,0.274042547,0.028825944,292.96875,2800.14624,0.229605839,0.02752498,292.96875,1782.708862,0.278866351,0.028851764
70,CR209566916254105600,1132.322581,32.10836986,280,367.5,2155.450928,0.581960082,0.038618714,367.5,2260.607666,0.608503222,0.039845638,367.5,2110.053711,0.598172188,0.039356645
71,CR210138662300549120,9.026666667,69.11404606,90,255.9375,1852.219116,0.387143046,0.035892468,255.9375,2520.462891,0.307616681,0.033497542,255.9375,1853.777832,0.392664194,0.036059238
72,CR214629067788386304,4024.818182,60.76064355,250,292.96875,4843.98584,0.685772002,0.046814054,292.96875,4688.74707,0.664375961,0.045877978,292.96875,3694.915527,0.540948987,0.040673971
73,CR224480691973259264,222.9375,65.82263566,600,375,7997.998047,0.597989619,0.039158937,375,7779.004883,0.604313254,0.039459705,375,6074.330078,0.539499164,0.036625873
74,CR411815483113734144,3500.384615,119.1363271,90,255.9375,3233.759033,0.544436991,0.043796524,255.9375,4486.807617,0.489040256,0.04063819,255.9375,4382.64209,0.469218582,0.039672527
75,CR413363595485642752,417.5961538,74.72340681,280,367.5,755.3226929,0.241522968,0.021805344,367.5,705.1592407,0.344292223,0.028097626,367.5,659.4103394,0.366597772,0.028697308
76,CR413491138834464768,0.78125,67.79325207,90,255.9375,355.6376953,0.086756207,0.014639155,255.9375,328.7987366,0.086888634,0.014911884,255.9375,408.6545105,0.180244893,0.022417324
77,CR417397153892139008,347.4,70.62571252,280,367.5,1324.629395,0.172640309,0.018887317,367.5,1335.47583,0.163588375,0.018479152,367.5,1196.14563,0.215266928,0.021424254
78,CR419120638368677888,677.63,70.1683972,90,255.9375,4805.980469,0.544994056,0.043441486,255.9375,5191.938965,0.535512269,0.043099374,255.9375,3963.916504,0.34354341,0.034480061
79,CR426967303100301312,161.5666667,100.3317388,90,255.9375,6404.111328,0.203084454,0.027736047,255.9375,8231.55957,0.28828615,0.03244533,255.9375,5641.35791,0.190948963,0.026424335
80,CR430062978088304640,57.96428571,55.8841054,280,367.5,3441.673584,0.251835316,0.024169117,367.5,3195.623535,0.23682712,0.023587223,367.5,2601.627686,0.191255614,0.021222588
81,CR431307625250947072,2675.657143,69.11404606,90,255.9375,1852.219116,0.387143046,0.035892468,255.9375,2520.462891,0.307616681,0.033497542,255.9375,1853.777832,0.392664194,0.036059238
82,CR43210806971596800,6068.2,59.26683747,600,703.125,6834.23291,0.132541388,0.013346654,703.125,8918.616211,0.10794206,0.012076003,703.125,7689.237305,0.12171331,0.012604327
83,CR432222418925256704,158.8135593,110.346967,600,703.125,19369.70898,0.324301988,0.021191262,703.125,21536.35938,0.31788215,0.020893896,703.125,21188.9668,0.315257996,0.020770591
84,CR432596802634514432,266.4545455,57.85585364,90,255.9375,7774.740234,0.806564867,0.054353204,255.9375,7941.946289,0.79789561,0.053989463,255.9375,10880.63867,0.803438544,0.054479569
85,CR435023974552829952,446.6363636,69.11404606,90,255.9375,1852.219116,0.387143046,0.035892468,255.9375,2520.462891,0.307616681,0.033497542,255.9375,1853.777832,0.392664194,0.036059238
86,CR439804651110400,266.3684211,69.11404606,90,255.9375,1852.219116,0.387143046,0.035892468,255.9375,2520.462891,0.307616681,0.033497542,255.9375,1853.777832,0.392664194,0.036059238
87,CR43998057297084416,1032.895833,59.26683747,600,703.125,6834.23291,0.132541388,0.013346654,703.125,8918.616211,0.10794206,0.012076003,703.125,7689.237305,0.12171331,0.012604327
88,CR441792568133419008,101.9622642,58.41994009,600,375,2704.199707,0.220957801,0.023243569,375,3690.510986,0.188949868,0.021986598,375,2953.350098,0.208753139,0.022462092
89,CR444559489144717312,69.01639344,76.75439461,250,292.96875,916.1329346,0.257044077,0.026485408,292.96875,743.7766724,0.247910365,0.02735116,292.96875,727.0484619,0.267608881,0.027845116
90,CR444607317900525568,461.2247191,119.1363271,90,255.9375,3233.759033,0.544436991,0.043796524,255.9375,4486.807617,0.489040256,0.04063819,255.9375,4382.64209,0.469218582,0.039672527
91,CR445099899109769216,99.11864407,69.11404606,90,255.9375,1852.219116,0.387143046,0.035892468,255.9375,2520.462891,0.307616681,0.033497542,255.9375,1853.777832,0.392664194,0.036059238
92,CR446577642737500160,340.5263158,119.1363271,90,255.9375,3233.759033,0.544436991,0.043796524,255.9375,4486.807617,0.489040256,0.04063819,255.9375,4382.64209,0.469218582,0.039672527
93,CR450188988678930432,9.87012987,67.27441446,600,375,8558.367188,0.576678693,0.03826597,375,9069.207031,0.558368742,0.03745174,375,8161.63623,0.53194344,0.036349602
94,CR45568709657362432,78.78125,70.62571252,280,367.5,1324.629395,0.172640309,0.018887317,367.5,1335.47583,0.163588375,0.018479152,367.5,1196.14563,0.215266928,0.021424254
95,CR456803650631630848,136.9361702,76.75439461,250,292.96875,916.1329346,0.257044077,0.026485408,292.96875,743.7766724,0.247910365,0.02735116,292.96875,727.0484619,0.267608881,0.027845116
96,CR458399591759347712,131.1973684,119.1363271,90,255.9375,3233.759033,0.544436991,0.043796524,255.9375,4486.807617,0.489040256,0.04063819,255.9375,4382.64209,0.469218582,0.039672527
97,CR459230822549946368,955.4090909,55.8841054,280,367.5,3441.673584,0.251835316,0.024169117,367.5,3195.623535,0.23682712,0.023587223,367.5,2601.627686,0.191255614,0.021222588
98,CR461201147386920960,59.92405063,70.1742456,90,255.9375,4847.38623,0.595758855,0.04533371,255.9375,5269.830566,0.586442292,0.045054451,255.9375,3903.419189,0.386360824,0.035998143
99,CR46413134587494400,80.18556701,84.51121575,600,703.125,14400.83887,0.079226457,0.010046257,703.125,18320.58984,0.105674684,0.011550171,703.125,11950.82715,0.054980535,0.008332243
100,CR469569530385924096,198.575,31.39892126,90,255.9375,4772.634766,0.936439097,0.060112327,255.9375,4893.586914,0.943373263,0.060436063,255.9375,4681.162109,0.942830622,0.060421623
101,CR473832886722625536,54.67346939,93.6166209,250,292.96875,3840.935303,0.123513579,0.019970089,292.96875,4519.310059,0.142470062,0.021056749,292.96875,3624.689453,0.143792272,0.021026192
102,CR4754838034317312,2717,74.22308821,250,292.96875,1086.634888,0.226471022,0.024635984,292.96875,1099.924683,0.215116069,0.024178466,292.96875,1049.792114,0.269639939,0.027633416
103,CR47727600738500608,358.5714286,58.41994009,600,375,2704.199707,0.220957801,0.023243569,375,3690.510986,0.188949868,0.021986598,375,2953.350098,0.208753139,0.022462092
104,CR481058327384555520,67.09677419,58.41994009,600,375,2704.199707,0.220957801,0.023243569,375,3690.510986,0.188949868,0.021986598,375,2953.350098,0.208753139,0.022462092
105,CR487484423093092352,70.63636364,79.68333708,600,703.125,6813.901367,0.124721281,0.012905699,703.125,6418.521484,0.121568851,0.012747827,703.125,8206.212891,0.130293071,0.013106046
106,CR487800532686077952,292.8148148,55.8841054,280,367.5,3441.673584,0.251835316,0.024169117,367.5,3195.623535,0.23682712,0.023587223,367.5,2601.627686,0.191255614,0.021222588
107,CR488517414267387904,2581.272727,70.1665968,250,292.96875,1665.182983,0.274042547,0.028825944,292.96875,2800.14624,0.229605839,0.02752498,292.96875,1782.708862,0.278866351,0.028851764
108,CR488631763476676608,66.38709677,65.82263566,600,375,7997.998047,0.597989619,0.039158937,375,7779.004883,0.604313254,0.039459705,375,6074.330078,0.539499164,0.036625873
109,CR489911595011407872,82.13978495,59.26683747,600,703.125,6834.23291,0.132541388,0.013346654,703.125,8918.616211,0.10794206,0.012076003,703.125,7689.237305,0.12171331,0.012604327
110,CR491318969894961152,69.76623377,62.50753852,280,367.5,836.9768677,0.048919383,0.010772971,367.5,706.2606201,0.064517625,0.011082198,367.5,867.9911499,0.154788822,0.017119158
111,CR49227884354600960,80.75,84.51121575,600,703.125,14400.83887,0.079226457,0.010046257,703.125,18320.58984,0.105674684,0.011550171,703.125,11950.82715,0.054980535,0.008332243
112,CR495224984952635392,206.6129032,93.6166209,250,292.96875,3840.935303,0.123513579,0.019970089,292.96875,4519.310059,0.142470062,0.021056749,292.96875,3624.689453,0.143792272,0.021026192
113,CR496257976126930944,617.9230769,110.346967,600,703.125,19369.70898,0.324301988,0.021191262,703.125,21536.35938,0.31788215,0.020893896,703.125,21188.9668,0.315257996,0.020770591
114,CR496671392498974720,40.60294118,32.40746838,280,367.5,1723.746216,0.572615504,0.038158737,367.5,1811.680908,0.606316924,0.039714396,367.5,1686.736084,0.589814305,0.038918991
115,CR498074369336016896,119.0266667,57.39485741,280,367.5,7450.549805,0.559099376,0.0379209,367.5,7371.67334,0.552251637,0.037612982,367.5,6055.834473,0.464846194,0.033994261
116,CR498360242359238656,687.3802817,32.10836986,280,367.5,2155.450928,0.581960082,0.038618714,367.5,2260.607666,0.608503222,0.039845638,367.5,2110.053711,0.598172188,0.039356645
117,CR498716484126638080,67.12790698,31.39892126,90,255.9375,4772.634766,0.936439097,0.060112327,255.9375,4893.586914,0.943373263,0.060436063,255.9375,4681.162109,0.942830622,0.060421623
118,CR505035377451466752,235.5714286,31.39892126,90,255.9375,4772.634766,0.936439097,0.060112327,255.9375,4893.586914,0.943373263,0.060436063,255.9375,4681.162109,0.942830622,0.060421623
119,CR510283896206655488,110.2698413,76.75439461,250,292.96875,916.1329346,0.257044077,0.026485408,292.96875,743.7766724,0.247910365,0.02735116,292.96875,727.0484619,0.267608881,0.027845116
120,CR511162955753062400,318.7,59.26683747,600,703.125,6834.23291,0.132541388,0.013346654,703.125,8918.616211,0.10794206,0.012076003,703.125,7689.237305,0.12171331,0.012604327
121,CR51514318784561152,114.0943396,63.28991007,600,703.125,18466.49609,0.326828331,0.021238292,703.125,18544.66406,0.327848852,0.021290395,703.125,14712.77637,0.312025666,0.020581201
122,CR132346015612141568,465.154124,139.2570404,90,255.9375,32254.82031,0.917653382,0.059446499,255.9375,32255.74023,0.917763531,0.059451453,255.9375,32267.64063,0.917901814,0.059458099
123,CR171752512351633408,20526.6899,44.79753374,90,255.9375,21619.69336,0.907736123,0.058928717,255.9375,21624.06836,0.907659769,0.058924239,255.9375,21624.48438,0.908115208,0.058943227
124,CR216788508625338368,4449.8125,44.16413409,250,947.265625,61144.17969,0.26101914,0.016607737,947.265625,61286.69141,0.261149615,0.016613806,947.265625,61334.94141,0.261440009,0.01662744
125,CR233114057274556416,8843.107143,142.0469767,90,255.9375,27164.72852,0.810789585,0.055270258,255.9375,27165.05469,0.810924768,0.055276118,255.9375,27175.71289,0.811097383,0.055284474
126,CR310801150846697472,981.9318182,132.8723143,250,292.96875,16544.42773,0.76777339,0.050538361,292.96875,16545.4375,0.768662393,0.050578631,292.96875,16649.15625,0.769264996,0.05060314
127,CR482219411663486976,3534,15.63230209,90,255.9375,1487.507813,0.377043545,0.032337096,255.9375,1544.173584,0.350197911,0.030977763,255.9375,1436.136719,0.404989332,0.033856444
128,CR501641185056522240,557.5764706,15.55941198,90,255.9375,1692.473999,0.464584053,0.036947757,255.9375,1739.681519,0.439668387,0.035696145,255.9375,1631.911499,0.500098825,0.038762812
129,CR507270684590735360,273.2257054,135.0485747,250,947.265625,35070.58203,0.2277686,0.015190045,947.265625,51096.99609,0.257153809,0.016436672,947.265625,10625.78906,0.080310486,0.008678363
130,CR109687279986933760,102.1445783,129.8746343,90,255.9375,17918.88477,0.885785222,0.057999045,255.9375,9167.654297,0.789759815,0.053860161,255.9375,8928.280273,0.810537219,0.054782573
131,CR115492701381591040,702.2457627,66.71461483,90,255.9375,13911.58008,0.747309804,0.052861124,255.9375,14237.50684,0.751921594,0.052943286,255.9375,13790.13672,0.748521388,0.052878875
132,CR115844545102479360,146.2241379,57.67146348,250,292.96875,1133.929443,0.454112649,0.036383532,292.96875,1437.634033,0.573168099,0.041777916,292.96875,1473.164063,0.642362714,0.044941708
133,CR131255300077387776,2621.842105,57.0994817,90,255.9375,3435.787109,0.454465955,0.041642122,255.9375,3415.231201,0.440655708,0.040884774,255.9375,3288.489746,0.449818075,0.04151164
134,CR14443184742465536,7830.375,59.16009287,600,375,12018.19434,0.566053927,0.038026862,375,12967.73633,0.579254389,0.038498044,375,12559.71191,0.578648329,0.038507458
135,CR152858504539930624,46.42307692,57.48787372,250,292.96875,1309.207153,0.405724227,0.033631928,292.96875,1538.502441,0.558989584,0.040874977,292.96875,1608.821167,0.618315637,0.043720905
136,CR153280717004996608,788.609375,70.52177118,90,255.9375,13891.41309,0.766997874,0.053590864,255.9375,14403.59277,0.767251015,0.053500205,255.9375,13973.25293,0.759872913,0.053325877
137,CR161654597562138624,144.4797297,61.70345618,50,62.5,3017.866455,2.933644533,0.211762965,62.5,3164.006348,3.002072573,0.214010403,62.5,3001.187744,3.050817013,0.215851635
138,CR177628302490468352,1588.6,61.70345618,50,62.5,3017.866455,2.933644533,0.211762965,62.5,3164.006348,3.002072573,0.214010403,62.5,3001.187744,3.050817013,0.215851635
139,CR187339189186985984,2020.305699,72.40518462,600,375,2030.013672,0.150275171,0.017764008,375,2071.136475,0.145527348,0.017591098,375,2091.282715,0.144969076,0.01762188
140,CR214360786951208960,291.7865169,56.09755177,90,255.9375,3335.24292,0.455227256,0.041849453,255.9375,3295.76123,0.452260882,0.041760579,255.9375,3200.967529,0.460867465,0.042277966
141,CR217105167974137856,2.048780488,66.71461483,90,255.9375,13911.58008,0.747309804,0.052861124,255.9375,14237.50684,0.751921594,0.052943286,255.9375,13790.13672,0.748521388,0.052878875
142,CR227801217089142784,32,47.19074397,600,703.125,46860.45313,0.355485231,0.022551373,703.125,46372.32031,0.355014235,0.022529555,703.125,47410.02344,0.35538584,0.022547161
143,CR227871585833320448,460.9047619,64.59846339,90,255.9375,13597.6582,0.737885952,0.052514777,255.9375,14017.26172,0.740387201,0.052525818,255.9375,13644.39648,0.740591407,0.052587349
144,CR232014545646780416,247.15625,69.29880265,600,375,1869.809204,0.243631616,0.024187636,375,2239.446045,0.22087042,0.022732187,375,2133.97168,0.228608638,0.023249453
145,CR234908460251086848,10.984375,59.16009287,600,375,12018.19434,0.566053927,0.038026862,375,12967.73633,0.579254389,0.038498044,375,12559.71191,0.578648329,0.038507458
146,CR236034360157929472,136.8060201,66.71461483,90,255.9375,13911.58008,0.747309804,0.052861124,255.9375,14237.50684,0.751921594,0.052943286,255.9375,13790.13672,0.748521388,0.052878875
147,CR250108108993462272,54.55495251,51.70131568,50,62.5,479.9806213,3.229542494,0.217745975,62.5,452.0583801,3.0942626,0.212721735,62.5,417.2191162,3.168800831,0.216076091
148,CR254532543783632896,126.9056604,73.61926321,90,255.9375,3880.85083,0.430914342,0.040513255,255.9375,4405.907227,0.451042593,0.041315425,255.9375,4561.087891,0.451369643,0.041454963
149,CR254611708620832768,330.8488889,64.59846339,90,255.9375,13597.6582,0.737885952,0.052514777,255.9375,14017.26172,0.740387201,0.052525818,255.9375,13644.39648,0.740591407,0.052587349
150,CR257910243504160768,72.01219512,84.36000328,50,62.5,1800.507446,2.022309303,0.176358163,62.5,2062.705811,2.065547466,0.177356631,62.5,1998.89209,1.951546669,0.17347993
151,CR261507845550243840,1043.083658,57.0994817,90,255.9375,3435.787109,0.454465955,0.041642122,255.9375,3415.231201,0.440655708,0.040884774,255.9375,3288.489746,0.449818075,0.04151164
152,CR264665642945216512,6.712941176,57.9747203,250,292.96875,3059.380127,0.775630832,0.050483622,292.96875,3579.545654,0.782791018,0.050841942,292.96875,3437.672852,0.782603145,0.050822936
153,CR269529882386497536,56.54300576,47.19074397,600,703.125,46860.45313,0.355485231,0.022551373,703.125,46372.32031,0.355014235,0.022529555,703.125,47410.02344,0.35538584,0.022547161
154,CR329484052425867264,1528.20082,59.16009287,600,375,12018.19434,0.566053927,0.038026862,375,12967.73633,0.579254389,0.038498044,375,12559.71191,0.578648329,0.038507458
155,CR341868951401136128,72.29741863,57.13609309,250,292.96875,1215.76709,0.420709699,0.034445152,292.96875,1519.115356,0.537792563,0.039785817,292.96875,1592.453857,0.598157525,0.042620689
156,CR347639188423704576,1087.741176,69.89280435,50,62.5,1819.795654,2.318135023,0.188523144,62.5,2019.980835,2.434906244,0.191699311,62.5,1800.619629,2.430822849,0.192376956
157,CR351157625632587776,71.2,57.0994817,90,255.9375,3435.787109,0.454465955,0.041642122,255.9375,3415.231201,0.440655708,0.040884774,255.9375,3288.489746,0.449818075,0.04151164
158,CR353057581725384704,79.66666667,57.13609309,250,292.96875,1215.76709,0.420709699,0.034445152,292.96875,1519.115356,0.537792563,0.039785817,292.96875,1592.453857,0.598157525,0.042620689
159,CR360657406096572416,7.102564103,51.70131568,50,62.5,479.9806213,3.229542494,0.217745975,62.5,452.0583801,3.0942626,0.212721735,62.5,417.2191162,3.168800831,0.216076091
160,CR39881485762691072,35.9,136.4384577,50,58.59375,4084.964844,3.981685162,0.257594347,58.59375,1299.379639,3.317035437,0.227026477,58.59375,1085.526489,3.403922558,0.230741233
161,CR405623033626099712,364.8153846,54.6211876,50,62.5,603.6640015,2.380738974,0.190119609,62.5,561.5807495,2.277678728,0.18631418,62.5,542.3068848,2.321346045,0.188507766
162,CR414806154741284864,62.84,140.0662912,50,62.5,4349.208008,3.72583437,0.24118109,62.5,1304.710693,2.938131571,0.204930171,62.5,1082.325928,3.018570662,0.208273977
163,CR425959600693444608,92.07608696,55.92144845,90,255.9375,2706.394531,0.525159001,0.044420205,255.9375,2669.163574,0.502234638,0.04347625,255.9375,2606.532959,0.518705487,0.044307072
164,CR433770531297165312,535.6428571,59.16009287,600,375,12018.19434,0.566053927,0.038026862,375,12967.73633,0.579254389,0.038498044,375,12559.71191,0.578648329,0.038507458
165,CR469377115851063296,823.198146,70.52177118,90,255.9375,13891.41309,0.766997874,0.053590864,255.9375,14403.59277,0.767251015,0.053500205,255.9375,13973.25293,0.759872913,0.053325877
166,CR472191865618169856,32.52697842,57.67146348,250,292.96875,1133.929443,0.454112649,0.036383532,292.96875,1437.634033,0.573168099,0.041777916,292.96875,1473.164063,0.642362714,0.044941708
167,CR494745048127111168,135.8867925,125.1026803,600,375,12230.62012,0.425898969,0.032938205,375,8219.49707,0.359992504,0.030532392,375,7900.491211,0.361445367,0.030640725
168,CR502028213149499392,45.4272,69.89280435,50,62.5,1819.795654,2.318135023,0.188523144,62.5,2019.980835,2.434906244,0.191699311,62.5,1800.619629,2.430822849,0.192376956
169,CR512372418543616000,133.7130952,70.52177118,90,255.9375,13891.41309,0.766997874,0.053590864,255.9375,14403.59277,0.767251015,0.053500205,255.9375,13973.25293,0.759872913,0.053325877
170,CR530597923285630976,137.5833333,55.92144845,90,255.9375,2706.394531,0.525159001,0.044420205,255.9375,2669.163574,0.502234638,0.04347625,255.9375,2606.532959,0.518705487,0.044307072
171,CR547345684399915008,25.00469388,61.78772051,50,62.5,301.9506226,0.457104027,0.074496634,62.5,338.0966187,0.462350875,0.078020625,62.5,296.0503845,0.466325939,0.074608393
172,CR550160434167021568,55.88932806,54.6211876,50,62.5,603.6640015,2.380738974,0.190119609,62.5,561.5807495,2.277678728,0.18631418,62.5,542.3068848,2.321346045,0.188507766
173,CR558182471003275264,1496.039216,64.59846339,90,255.9375,13597.6582,0.737885952,0.052514777,255.9375,14017.26172,0.740387201,0.052525818,255.9375,13644.39648,0.740591407,0.052587349
174,CR560786114537848832,19.99630996,69.46659818,50,62.5,2786.235107,2.928267956,0.211471111,62.5,2959.674072,2.96956563,0.212378025,62.5,2791.42041,2.960402966,0.212529644
175,CR567189670258016256,1027.187643,47.19074397,600,703.125,46860.45313,0.355485231,0.022551373,703.125,46372.32031,0.355014235,0.022529555,703.125,47410.02344,0.35538584,0.022547161
176,CR59751859899858944,243.8378378,77.15414683,50,58.59375,657.1608276,1.138878822,0.128746107,58.59375,1160.824097,1.208260059,0.13987191,58.59375,856.2434692,0.875825107,0.118866608
177,CR60042130969591808,281.3641913,57.48787372,250,292.96875,1309.207153,0.405724227,0.033631928,292.96875,1538.502441,0.558989584,0.040874977,292.96875,1608.821167,0.618315637,0.043720905
178,CR61519874597322752,1778.756098,69.46659818,50,62.5,2786.235107,2.928267956,0.211471111,62.5,2959.674072,2.96956563,0.212378025,62.5,2791.42041,2.960402966,0.212529644
179,CR78126898223251456,15.55534779,47.19074397,600,703.125,46860.45313,0.355485231,0.022551373,703.125,46372.32031,0.355014235,0.022529555,703.125,47410.02344,0.35538584,0.022547161
180,CR90230322221809664,185.7894737,56.09755177,90,255.9375,3335.24292,0.455227256,0.041849453,255.9375,3295.76123,0.452260882,0.041760579,255.9375,3200.967529,0.460867465,0.042277966
181,CR34863314693521408,18.39921027,61.79535156,600,375,13296.39063,0.630160809,0.040667344,375,12927.07617,0.644025445,0.041256439,375,10422.64746,0.542218029,0.03713065
182,CR356589213073801216,176.7407407,64.16632471,50,58.59375,2167.101563,3.496531963,0.237118289,58.59375,2054.572998,3.76649785,0.248019457,58.59375,1904.761108,2.084431171,0.185491368
183,CR35670356228308992,88.54964895,61.08060681,600,375,11560.9043,0.623304784,0.040349483,375,11074.59375,0.632875919,0.040753413,375,8997.100586,0.501925766,0.035526875
184,CR361899854235959296,19.8144,61.1714744,600,375,14702.51953,0.640273154,0.041106902,375,14316.40625,0.648242235,0.041447368,375,11641.51758,0.558794916,0.037796203
185,CR38100276925693952,14.35028493,68.53527908,90,255.9375,15716.85059,0.856048763,0.056748893,255.9375,15905.27148,0.916388631,0.059243392,255.9375,12912.69238,0.653879642,0.049077816
186,CR382025315070771200,200.5,65.51467442,50,58.59375,1657.573608,2.947910309,0.214752212,58.59375,1559.158936,3.559776068,0.238729939,58.59375,1634.794312,1.906379223,0.178447589
187,CR391210635209211904,5.064697255,61.21694071,600,375,14423.93359,0.639980376,0.041089736,375,14057.6543,0.647895873,0.041430019,375,11469.69727,0.552831352,0.037562277
188,CR405143646556389376,73.13929734,46.58140933,250,292.96875,139.9199219,0.060289472,0.012521918,292.96875,143.7014771,0.076748066,0.012674118,292.96875,102.3721619,0.075010009,0.013193623
189,CR406795113021308928,19.3564873,46.95379329,250,292.96875,259.245697,0.006207427,0.004450757,292.96875,133.7134094,0.022303287,0.005512123,292.96875,111.4719925,0.011866201,0.003346947
190,CR427342786321186816,146.2727273,66.29924877,50,58.59375,1738.041504,2.903881073,0.212740272,58.59375,1585.532227,3.42119503,0.232834607,58.59375,1651.332275,1.87265265,0.176412404
191,CR435402206552784896,90.19753086,63.11041422,50,58.59375,1785.250977,3.363580704,0.231563672,58.59375,1650.506226,3.589230537,0.240432709,58.59375,1738.560791,1.949137449,0.180963084
192,CR43589038971551744,20.95312432,61.08060681,600,375,11560.9043,0.623304784,0.040349483,375,11074.59375,0.632875919,0.040753413,375,8997.100586,0.501925766,0.035526875
193,CR446764559714222080,56.45725629,46.58140933,250,292.96875,139.9199219,0.060289472,0.012521918,292.96875,143.7014771,0.076748066,0.012674118,292.96875,102.3721619,0.075010009,0.013193623
194,CR451831109295013888,88.16161616,63.11041422,50,58.59375,1785.250977,3.363580704,0.231563672,58.59375,1650.506226,3.589230537,0.240432709,58.59375,1738.560791,1.949137449,0.180963084
195,CR468653637199986688,162.9781931,67.16638714,600,375,1763.157227,0.365735352,0.028726125,375,2042.962891,0.346939176,0.027980823,375,1880.353027,0.325890958,0.026809847
196,CR469920274595184640,472.6666667,74.97780645,50,58.59375,1997.350098,3.596401215,0.240417317,58.59375,1099.483154,3.320337534,0.227566645,58.59375,1317.276245,2.146556616,0.186304912
197,CR473579449292423168,141.7224335,48.70447811,250,292.96875,38.67476654,0.043629147,0.006271842,292.96875,38.15705872,0.001745946,-0.000118523,292.96875,48.77914429,0.172081962,0.019642964
198,CR523822732635275264,56.66266507,51.43611136,250,292.96875,22.80119324,0.007621253,-0.001285004,292.96875,44.12548828,0.002278541,0.00251859,292.96875,106.4603577,0.022568919,0.006742292
199,CR526637482402381824,114.4902808,65.72860242,600,375,1625.463013,0.427834958,0.031257078,375,1874.029663,0.40673697,0.030350754,375,1736.209106,0.378786087,0.028918419
200,CR526922255913975808,36.2755102,98.2873149,50,62.5,3586.141602,3.574554205,0.234885648,62.5,3427.360107,3.736587286,0.24197036,62.5,5649.10498,3.833339214,0.24633722
201,CR529658940355510272,23.81728395,65.41034349,50,62.5,2387.946533,3.212222576,0.21999225,62.5,2222.403076,3.49149704,0.231016174,62.5,2144.861084,2.06673193,0.178430364
202,CR539022381377650688,87.56179775,74.2440595,50,62.5,2193.071533,3.346950054,0.224516854,62.5,1260.548828,3.148607969,0.215271071,62.5,1505.615234,2.163239241,0.180072054
203,CR563651441839833088,140.7166667,73.06857119,50,58.59375,2402.241943,3.799610615,0.24950479,58.59375,1456.720459,3.645266771,0.242272958,58.59375,1591.560303,2.605357885,0.204130024
204,CR58610566830227456,106.1787819,61.79535156,600,375,13296.39063,0.630160809,0.040667344,375,12927.07617,0.644025445,0.041256439,375,10422.64746,0.542218029,0.03713065
205,CR64666676876017664,13.10526316,89.62782347,50,58.59375,2013.815063,3.265748501,0.227643281,58.59375,1303.157349,2.983999968,0.2171918,58.59375,1743.043091,1.676969051,0.167618841
206,CR771857162698752,108.6956522,73.2451737,50,58.59375,2445.740723,3.711763382,0.245744899,58.59375,1514.144409,3.553064108,0.238794833,58.59375,1673.662109,2.538647175,0.201488167
207,CR88380943663890432,0.409836066,72.09634965,50,62.5,2638.283936,3.509093761,0.23169069,62.5,1597.101196,3.416861057,0.227389649,62.5,1809.048584,2.47089386,0.192354634
208,CR96787809569865728,1.043455254,65.28500129,50,62.5,2530.5,3.290242195,0.223076269,62.5,2384.615723,3.491706848,0.231123313,62.5,2222.605225,2.137835026,0.180829942
209,CR100165509290393600,101.5,53.05573365,90,255.9375,2597.172119,0.234894171,0.028232444,255.9375,2544.769775,0.234456018,0.028113101,255.9375,2541.936035,0.234452367,0.028107561
210,CR100446984267104256,117.5,54.84326304,600,703.125,47717.69141,0.349577844,0.022274196,703.125,47532.38281,0.352341771,0.022403831,703.125,48606.10156,0.354023039,0.022482991
211,CR102135834127368192,86.58333333,95.799392,50,58.59375,2612.410156,3.251992226,0.229145229,58.59375,2571.858398,3.441132545,0.236043036,58.59375,3256.076416,3.545734167,0.239824742
212,CR103807091801587712,321.1481481,72.93477691,50,58.59375,2680.04541,3.164829016,0.226817384,58.59375,2667.783203,3.183623791,0.227503225,58.59375,2689.840088,3.128643036,0.225553349
213,CR104002804871331840,23.52460205,61.41137622,50,58.59375,3337.431152,3.802065134,0.250478089,58.59375,3323.918701,3.833696604,0.252029955,58.59375,3336.626953,3.84036541,0.252369791
214,CR104106158964342784,174.2857143,54.55610658,600,375,16453.89258,0.568550348,0.038126443,375,16452.40625,0.5687536,0.038133461,375,16481.62305,0.566853225,0.038059194
215,CR177852602862534656,872.5,95.799392,50,58.59375,2612.410156,3.251992226,0.229145229,58.59375,2571.858398,3.441132545,0.236043036,58.59375,3256.076416,3.545734167,0.239824742
216,CR178257223141556224,598.6666667,55.40099125,90,255.9375,23309.70898,0.915008128,0.059250455,255.9375,23282.38672,0.916475773,0.059312239,255.9375,23267.01953,0.916341305,0.059304681
217,CR179585433187909632,212.1,55.40099125,90,255.9375,23309.70898,0.915008128,0.059250455,255.9375,23282.38672,0.916475773,0.059312239,255.9375,23267.01953,0.916341305,0.059304681
218,CR180165975327375360,78.98634454,50.31653664,250,292.96875,15427.15527,0.821927428,0.052680064,292.96875,15338.37793,0.831579566,0.053131383,292.96875,15494.79297,0.836484969,0.053362872
219,CR180282523559919616,5.49153029,61.41137622,50,58.59375,3337.431152,3.802065134,0.250478089,58.59375,3323.918701,3.833696604,0.252029955,58.59375,3336.626953,3.84036541,0.252369791
220,CR182822395420082176,179.6923077,50.31653664,250,292.96875,15427.15527,0.821927428,0.052680064,292.96875,15338.37793,0.831579566,0.053131383,292.96875,15494.79297,0.836484969,0.053362872
221,CR394581737859973120,170.7735849,56.48016709,90,341.015625,21311.01563,0.674221277,0.04385915,341.015625,21170.67969,0.683293223,0.044281915,341.015625,21220.79297,0.685888529,0.044410318
222,CR395989112743526400,8.627597211,58.20034369,250,292.96875,14769.85156,0.82155776,0.052648913,292.96875,14668.7627,0.833057165,0.053187992,292.96875,14916.21191,0.83834821,0.053438719
223,CR396657615813214208,51.9581448,63.02116056,600,703.125,24013.73047,0.324599713,0.021111578,703.125,23585.61719,0.33662948,0.021671278,703.125,24131.50781,0.343691766,0.022000335
224,CR397403084696846336,183.9459459,50.31653664,250,292.96875,15427.15527,0.821927428,0.052680064,292.96875,15338.37793,0.831579566,0.053131383,292.96875,15494.79297,0.836484969,0.053362872
225,CR398713702557155328,63.43617021,38.79011877,50,58.59375,5825.242676,4.230219841,0.268966883,58.59375,5819.353027,4.238887787,0.269372731,58.59375,5839.739258,4.242064476,0.269523889
226,CR398933604882710528,271.7857143,84.72681354,250,292.96875,9520.079102,0.67063725,0.046135146,292.96875,9523.835938,0.669531465,0.046046287,292.96875,10394.62012,0.568902373,0.042084347
227,CR402452042091593728,66.44578313,97.90278626,600,375,4817.598145,0.234148517,0.022828059,375,4872.234375,0.227159441,0.022611318,375,8028.243164,0.289869994,0.025927056
228,CR404624677068079104,1107.222222,54.55610658,600,375,16453.89258,0.568550348,0.038126443,375,16452.40625,0.5687536,0.038133461,375,16481.62305,0.566853225,0.038059194
229,CR405187627021500416,723.6,90.62658328,250,292.96875,6222.612793,0.686301768,0.046761539,292.96875,6157.685547,0.700204968,0.04732414,292.96875,8728.84082,0.701635897,0.04722945
230,CR407641736974696448,133.36,53.05573365,90,255.9375,2597.172119,0.234894171,0.028232444,255.9375,2544.769775,0.234456018,0.028113101,255.9375,2541.936035,0.234452367,0.028107561
231,CR408002376788606976,43.60493827,48.42018953,600,703.125,53799.71875,0.348921567,0.022245677,703.125,53588.60547,0.351708889,0.022375757,703.125,54161.55078,0.353165656,0.022444235
232,CR408662083765272576,2.157142857,90.62658328,250,292.96875,6222.612793,0.686301768,0.046761539,292.96875,6157.685547,0.700204968,0.04732414,292.96875,8728.84082,0.701635897,0.04722945
233,CR41055764181155840,41.53333333,54.55610658,600,375,16453.89258,0.568550348,0.038126443,375,16452.40625,0.5687536,0.038133461,375,16481.62305,0.566853225,0.038059194
234,CR412224501439266816,122.8412698,50.31653664,250,292.96875,15427.15527,0.821927428,0.052680064,292.96875,15338.37793,0.831579566,0.053131383,292.96875,15494.79297,0.836484969,0.053362872
235,CR41240482134622208,2161.5,87.60851008,600,703.125,29134.37109,0.312338769,0.020632949,703.125,29128.66797,0.313255966,0.020677369,703.125,43860.59766,0.325280935,0.021184567
236,CR412787451392688128,92.84848485,72.93477691,50,58.59375,2680.04541,3.164829016,0.226817384,58.59375,2667.783203,3.183623791,0.227503225,58.59375,2689.840088,3.128643036,0.225553349
237,CR41295457716011008,96.42138973,63.02116056,600,703.125,24013.73047,0.324599713,0.021111578,703.125,23585.61719,0.33662948,0.021671278,703.125,24131.50781,0.343691766,0.022000335
238,CR414054088787886080,96.72619048,87.60851008,600,703.125,29134.37109,0.312338769,0.020632949,703.125,29128.66797,0.313255966,0.020677369,703.125,43860.59766,0.325280935,0.021184567
239,CR414258597950652416,14.42079769,58.19646199,250,292.96875,14783.2832,0.822673023,0.052698962,292.96875,14683.6875,0.83400631,0.053230479,292.96875,14931.13477,0.83930552,0.053481422
240,CR414291583299485696,42.18604651,87.60851008,600,703.125,29134.37109,0.312338769,0.020632949,703.125,29128.66797,0.313255966,0.020677369,703.125,43860.59766,0.325280935,0.021184567
241,CR415136008229617664,109.6,90.81506051,600,375,18869.41211,0.619298816,0.040177334,375,18753.33789,0.628166318,0.040550176,375,22957.06641,0.620435238,0.040169463
242,CR41618714134577152,260.3076923,98.90432693,90,255.9375,17112.88672,0.831202149,0.055706151,255.9375,16969.0957,0.85262233,0.056563064,255.9375,19629.46484,0.859950364,0.056837905
243,CR416360864182960128,66.67715736,56.48016709,90,341.015625,21311.01563,0.674221277,0.04385915,341.015625,21170.67969,0.683293223,0.044281915,341.015625,21220.79297,0.685888529,0.044410318
244,CR416574169438748672,3057,56.72555388,50,58.59375,859.1519165,2.491357088,0.198856443,58.59375,850.7738037,2.523417234,0.199958995,58.59375,850.6826782,2.523968458,0.199993014
245,CR416648936229437440,82.58333333,49.48042763,600,375,24841.91797,0.651458383,0.041583579,375,24739.26758,0.656939685,0.041839778,375,25028.08789,0.659850299,0.04197688
246,CR41882596925243392,107.0120482,84.22640161,600,703.125,6793.34668,0.069037147,0.009340824,703.125,6756.930176,0.06859079,0.009320413,703.125,8929.041016,0.072074786,0.009706743
247,CR102333746220367872,101.8709677,73.73205585,600,703.125,2479.156738,0.057915516,0.007470338,703.125,2664.668701,0.068368599,0.008376957,703.125,1894.384399,0.093200415,0.009799744
248,CR105957736545517568,3481.636364,97.7253484,250,947.265625,37526.80469,0.233984053,0.01538408,947.265625,24537.48438,0.225237295,0.014982056,947.265625,21140.60742,0.224604517,0.015006409
249,CR109335436266045440,10678.75,78.20701463,250,947.265625,10793.14453,0.172235012,0.012447695,947.265625,11244.57031,0.172239557,0.012500036,947.265625,8991.96875,0.188061789,0.013274493
250,CR110461336172888064,9564.765909,60.23476723,280,367.5,1559.547241,0.08272136,0.01434208,367.5,2409.670166,0.13077043,0.017970067,367.5,958.0523071,0.133791476,0.016539587
251,CR111833526684352512,6750.481481,86.89883932,280,367.5,1489.250488,0.146342248,0.017462805,367.5,1266.260864,0.225998551,0.020987662,367.5,1048.375488,0.331224889,0.026943265
252,CR114964935800258560,550.3636364,92.1313556,90,255.9375,2011.63147,0.540028334,0.041362468,255.9375,1825.22876,0.583901584,0.043540131,255.9375,1732.36438,0.645984709,0.047094334
253,CR117216735613943808,14530.33333,82.88675745,600,703.125,9880.670898,0.241055682,0.017301168,703.125,8087.739746,0.224576324,0.016498521,703.125,3721.294678,0.144801229,0.012678692
254,CR123972135054999552,1186.345679,86.22201832,250,292.96875,1031.922119,0.158510596,0.020364696,292.96875,922.6680298,0.264996737,0.02539552,292.96875,732.3334351,0.406205744,0.03318939
255,CR127103544170905600,170.0625,89.255118,90,341.015625,13869.26367,0.669575274,0.04365598,341.015625,14112.47363,0.65499866,0.043016914,341.015625,14525.38184,0.58560288,0.040344715
256,CR127877600356859904,6285.357143,73.73205585,600,703.125,2479.156738,0.057915516,0.007470338,703.125,2664.668701,0.068368599,0.008376957,703.125,1894.384399,0.093200415,0.009799744
257,CR141106924262260736,983.2826087,75.91940472,600,375,8535.011719,0.434489757,0.032493137,375,8820.908203,0.429336876,0.032189153,375,10591.23828,0.314743817,0.027847752
258,CR153843666958417920,954.1232877,144.4734442,90,341.015625,2228.878174,0.103663698,0.015437543,341.015625,3546.076416,0.113331206,0.017303407,341.015625,4786.15625,0.177406117,0.021564007
259,CR154969566865260544,1029.291667,86.25845612,250,292.96875,1142.772461,0.190719321,0.022216124,292.96875,994.6802979,0.301506102,0.027259439,292.96875,701.0569458,0.366792738,0.03131298
260,CR15850559626018816,1685.8,78.90945086,250,292.96875,10777.6377,0.808934271,0.052098628,292.96875,10974.80469,0.794430435,0.05145954,292.96875,14533.67676,0.768571019,0.050450653
261,CR160000932073963520,77733,82.84715435,90,255.9375,9423.725586,0.760093927,0.052460916,255.9375,8557.604492,0.766381085,0.052671727,255.9375,6361.50293,0.755551577,0.052279413
262,CR163695291143290880,3267.454545,89.3208409,90,255.9375,10766.32813,0.779755652,0.053321671,255.9375,9089.023438,0.777823925,0.053201322,255.9375,7195.433594,0.797272563,0.054125074
263,CR176854246304514048,101.0196078,75.91940472,600,375,8535.011719,0.434489757,0.032493137,375,8820.908203,0.429336876,0.032189153,375,10591.23828,0.314743817,0.027847752
264,CR178015330583445504,1423.638298,85.87612963,280,367.5,1502.125854,0.167979196,0.018972775,367.5,1192.749878,0.224352777,0.020888075,367.5,987.973999,0.330221027,0.026946552
265,CR179880102304153600,89.07142857,123.7361595,600,375,2537.545898,0.171313778,0.019970939,375,2499.254883,0.154865101,0.01875452,375,2821.733887,0.147905484,0.018199563
266,CR180865264722640896,733.1717172,78.90945086,250,292.96875,10777.6377,0.808934271,0.052098628,292.96875,10974.80469,0.794430435,0.05145954,292.96875,14533.67676,0.768571019,0.050450653
267,CR184770730024501248,1011.5,85.87612963,280,367.5,1502.125854,0.167979196,0.018972775,367.5,1192.749878,0.224352777,0.020888075,367.5,987.973999,0.330221027,0.026946552
268,CR189802095233204224,471.6037736,93.11564597,90,255.9375,2152.779053,0.531451464,0.041025851,255.9375,1965.393921,0.566583931,0.042755287,255.9375,1829.957031,0.661271572,0.047625765
269,CR190576151419158528,2082.028112,94.95676813,280,367.5,15149.27246,0.612341583,0.040086247,367.5,15471.24512,0.590930581,0.039160322,367.5,16435.72266,0.511175692,0.036209177
270,CR192968688721199104,33.17307692,78.27503714,90,255.9375,10005.53711,0.93296057,0.059963889,255.9375,10317.94141,0.919122338,0.059356339,255.9375,10369.69531,0.863238931,0.057069272
271,CR19826393672056832,73.8125,86.58477443,90,341.015625,14864.57129,0.655127466,0.042993378,341.015625,14427.72461,0.656365693,0.043067262,341.015625,12527.84863,0.608874083,0.041249488
272,CR207288728161353728,755.4864865,86.58477443,90,341.015625,14864.57129,0.655127466,0.042993378,341.015625,14427.72461,0.656365693,0.043067262,341.015625,12527.84863,0.608874083,0.041249488
273,CR216612586764894208,16302.89474,89.57066349,280,367.5,3554.88208,0.191826642,0.02065582,367.5,2059.987061,0.091973402,0.014684817,367.5,917.71521,0.072358765,0.012335513
274,CR222242086299107328,948.6632653,69.97238878,600,375,9815.352539,0.565106332,0.037639555,375,8762.108398,0.51990062,0.035621963,375,6914.682129,0.527908266,0.035946254
275,CR226745685926477824,83.66666667,128.9379224,250,947.265625,7346.866699,0.131015658,0.010950438,947.265625,8743.691406,0.143290356,0.011441194,947.265625,9310.666992,0.106112942,0.009701254
276,CR241663859692142592,1118.117647,79.53488272,600,703.125,10091.4209,0.302401155,0.020067196,703.125,9852.731445,0.300007045,0.019976158,703.125,10128.81738,0.272864163,0.019055171
277,CR243317525180317696,1743.729412,59.87224962,600,375,546.8498535,0.025587829,0.007869018,375,1025.181885,0.059138708,0.012039717,375,760.9623413,0.048520137,0.011000386
278,CR247856309179777024,1381.096774,123.7361595,600,375,2537.545898,0.171313778,0.019970939,375,2499.254883,0.154865101,0.01875452,375,2821.733887,0.147905484,0.018199563
279,CR248384074761109504,4650.344186,82.88675745,600,703.125,9880.670898,0.241055682,0.017301168,703.125,8087.739746,0.224576324,0.016498521,703.125,3721.294678,0.144801229,0.012678692
280,CR252324724435058688,45894.5,72.86956093,600,703.125,2477.522949,0.058829878,0.007539347,703.125,2675.953369,0.068156466,0.00839133,703.125,1907.892578,0.092971876,0.009838811
281,CR253450624341901312,1078.097651,63.35661117,250,947.265625,2203.639648,0.025311669,0.004692513,947.265625,2965.09082,0.034251321,0.005666486,947.265625,1063.990967,0.051112976,0.0057639
282,CR258130145829715968,2160.523364,74.68111118,250,947.265625,11778.53223,0.213503331,0.014404288,947.265625,11373.55566,0.210781395,0.014274961,947.265625,12240.95508,0.18732129,0.013441659
283,CR262704114201264128,25.51807229,86.23136485,90,341.015625,4575.049316,0.531155705,0.037125155,341.015625,4390.808105,0.552378535,0.038134173,341.015625,4247.327637,0.588896394,0.039956573
284,CR27144743066533888,365.7380952,87.64979528,600,375,1110.432983,0.099065296,0.013470816,375,1045.159546,0.106904723,0.014090531,375,722.3685303,0.158435479,0.01803473
285,CR271465022851383296,11.18333333,86.58477443,90,341.015625,14864.57129,0.655127466,0.042993378,341.015625,14427.72461,0.656365693,0.043067262,341.015625,12527.84863,0.608874083,0.041249488
286,CR279346322199281664,1021.885529,82.88675745,600,703.125,9880.670898,0.241055682,0.017301168,703.125,8087.739746,0.224576324,0.016498521,703.125,3721.294678,0.144801229,0.012678692
287,CR298486620615606272,12.98507463,85.33934039,90,341.015625,4411.97998,0.539080918,0.037466608,341.015625,4215.027344,0.56069231,0.038506843,341.015625,4126.438477,0.588308156,0.039942533
288,CR299612520522448896,1104.281407,97.7253484,250,947.265625,37526.80469,0.233984053,0.01538408,947.265625,24537.48438,0.225237295,0.014982056,947.265625,21140.60742,0.224604517,0.015006409
289,CR301899504708222976,1713.884817,94.95676813,280,367.5,15149.27246,0.612341583,0.040086247,367.5,15471.24512,0.590930581,0.039160322,367.5,16435.72266,0.511175692,0.036209177
290,CR310871519590875136,2143.041667,92.22987369,90,255.9375,2035.582886,0.534849763,0.041096117,255.9375,1839.539429,0.576427221,0.0431519,255.9375,1745.84375,0.641050577,0.046838399
291,CR311610391404740608,52.93055556,86.23136485,90,341.015625,4575.049316,0.531155705,0.037125155,341.015625,4390.808105,0.552378535,0.038134173,341.015625,4247.327637,0.588896394,0.039956573
292,CR313827006846337024,954.4,82.84715435,90,255.9375,9423.725586,0.760093927,0.052460916,255.9375,8557.604492,0.766381085,0.052671727,255.9375,6361.50293,0.755551577,0.052279413
293,CR31648342693904384,3940.164948,88.2000617,600,375,1092.496704,0.101099052,0.01366364,375,1052.43103,0.103265323,0.013832361,375,737.5546875,0.153770968,0.017697461
294,CR317626919031930880,125.2,88.2000617,600,375,1092.496704,0.101099052,0.01366364,375,1052.43103,0.103265323,0.013832361,375,737.5546875,0.153770968,0.017697461
295,CR319350953264283648,383,82.96914217,90,341.015625,17816.67773,0.677809775,0.043989163,341.015625,16155.38184,0.685338438,0.044346742,341.015625,14803.78906,0.687722147,0.044466693
296,CR31965002042703872,1432.585366,128.9379224,250,947.265625,7346.866699,0.131015658,0.010950438,947.265625,8743.691406,0.143290356,0.011441194,947.265625,9310.666992,0.106112942,0.009701254
297,CR325508218379829248,1587.966102,56.96118732,90,341.015625,2161.645996,0.329659522,0.027733538,341.015625,2688.470459,0.217957512,0.022762602,341.015625,1946.513794,0.37395525,0.029637814
298,CR328498890007379968,47.11458333,75.91940472,600,375,8535.011719,0.434489757,0.032493137,375,8820.908203,0.429336876,0.032189153,375,10591.23828,0.314743817,0.027847752
299,CR334515417634570240,4103.489796,92.1313556,90,255.9375,2011.63147,0.540028334,0.041362468,255.9375,1825.22876,0.583901584,0.043540131,255.9375,1732.36438,0.645984709,0.047094334
300,CR33900142507589632,563.7392317,63.35661117,250,947.265625,2203.639648,0.025311669,0.004692513,947.265625,2965.09082,0.034251321,0.005666486,947.265625,1063.990967,0.051112976,0.0057639
301,CR340144917168783360,1981.793103,61.43878343,600,375,6708.86377,0.546405137,0.036761843,375,6353.681152,0.479409397,0.033746991,375,4793.284668,0.45946601,0.032763712
302,CR342361532610379776,376.4,82.96914217,90,341.015625,17816.67773,0.677809775,0.043989163,341.015625,16155.38184,0.685338438,0.044346742,341.015625,14803.78906,0.687722147,0.044466693
303,CR344965176144953344,832.6363636,78.47647865,250,947.265625,10778.79395,0.172348991,0.012450163,947.265625,11233.4541,0.172462344,0.012507003,947.265625,8982.481445,0.188384265,0.013278652
304,CR346900316609839104,1604.5,85.79964426,280,367.5,1582.865967,0.155245721,0.017946159,367.5,1308.929565,0.198793992,0.019328434,367.5,1047.845703,0.309788764,0.025773285
305,CR358159315678265344,180.1182796,97.7253484,250,947.265625,37526.80469,0.233984053,0.01538408,947.265625,24537.48438,0.225237295,0.014982056,947.265625,21140.60742,0.224604517,0.015006409
306,CR362662915305635840,372.0857143,59.87224962,600,375,546.8498535,0.025587829,0.007869018,375,1025.181885,0.059138708,0.012039717,375,760.9623413,0.048520137,0.011000386
307,CR367166514933006336,47148,82.84715435,90,255.9375,9423.725586,0.760093927,0.052460916,255.9375,8557.604492,0.766381085,0.052671727,255.9375,6361.50293,0.755551577,0.052279413
308,CR370544214653534208,0,61.43878343,600,375,6708.86377,0.546405137,0.036761843,375,6353.681152,0.479409397,0.033746991,375,4793.284668,0.45946601,0.032763712
309,CR37277842228117504,548.1884058,73.49782337,600,703.125,2437.212158,0.061609488,0.007790541,703.125,2650.252197,0.069753267,0.008519785,703.125,1890.319702,0.093898699,0.009900064
310,CR376173714187747328,144.6290323,85.40124914,90,341.015625,4395.975586,0.541483641,0.037582472,341.015625,4197.353027,0.563695431,0.038653396,341.015625,4108.085449,0.590699732,0.040060394
311,CR379551413908275200,601.3010336,60.23476723,280,367.5,1559.547241,0.08272136,0.01434208,367.5,2409.670166,0.13077043,0.017970067,367.5,958.0523071,0.133791476,0.016539587
312,CR380114363861696512,578.6944444,78.17878616,250,947.265625,10893.50586,0.17052193,0.012363034,947.265625,11323.31934,0.17063944,0.012419941,947.265625,9018.78418,0.187637627,0.013249691
313,CR38403742134960128,1430.394737,85.79964426,280,367.5,1582.865967,0.155245721,0.017946159,367.5,1308.929565,0.198793992,0.019328434,367.5,1047.845703,0.309788764,0.025773285
314,CR385919785256353792,5521.375,144.4734442,90,341.015625,2228.878174,0.103663698,0.015437543,341.015625,3546.076416,0.113331206,0.017303407,341.015625,4786.15625,0.177406117,0.021564007
315,CR389649328697769984,2814.652174,78.27503714,90,255.9375,10005.53711,0.93296057,0.059963889,255.9375,10317.94141,0.919122338,0.059356339,255.9375,10369.69531,0.863238931,0.057069272
316,CR390001172418658304,523.7916667,123.7361595,600,375,2537.545898,0.171313778,0.019970939,375,2499.254883,0.154865101,0.01875452,375,2821.733887,0.147905484,0.018199563
317,CR391936312883544064,497.63,70.45138232,600,703.125,1462.629639,0.025609709,0.005313203,703.125,2588.033203,0.040138867,0.007206578,703.125,1546.369019,0.035812311,0.00651879
318,CR393660347115896832,2910.65,86.89883932,280,367.5,1489.250488,0.146342248,0.017462805,367.5,1266.260864,0.225998551,0.020987662,367.5,1048.375488,0.331224889,0.026943265
319,CR403230496324059136,176.5357143,93.11564597,90,255.9375,2152.779053,0.531451464,0.041025851,255.9375,1965.393921,0.566583931,0.042755287,255.9375,1829.957031,0.661271572,0.047625765
320,CR40655541948645376,65926.66667,85.96583664,250,292.96875,1099.224121,0.145455658,0.019210471,292.96875,1017.493347,0.235685676,0.023576984,292.96875,778.2003174,0.387094319,0.03203566
321,CR407698911579340800,1317.093878,63.35661117,250,947.265625,2203.639648,0.025311669,0.004692513,947.265625,2965.09082,0.034251321,0.005666486,947.265625,1063.990967,0.051112976,0.0057639
322,CR410513661346447360,489.7777778,61.43878343,600,375,6708.86377,0.546405137,0.036761843,375,6353.681152,0.479409397,0.033746991,375,4793.284668,0.45946601,0.032763712
323,CR418957910647767040,1004.910112,78.20701463,250,947.265625,10793.14453,0.172235012,0.012447695,947.265625,11244.57031,0.172239557,0.012500036,947.265625,8991.96875,0.188061789,0.013274493
324,CR421209710461452288,1251.591837,80.13182307,280,367.5,2781.405029,0.143246934,0.018016146,367.5,1902.712769,0.07889156,0.013695303,367.5,964.4454346,0.068341151,0.012187163
325,CR42907341762330624,929.51,73.16688116,90,255.9375,1271.891724,0.382545054,0.033619244,255.9375,1481.161377,0.249885648,0.02738544,255.9375,1147.101563,0.365717202,0.03265987
326,CR432081681436901376,1138.876161,79.53488272,600,703.125,10091.4209,0.302401155,0.020067196,703.125,9852.731445,0.300007045,0.019976158,703.125,10128.81738,0.272864163,0.019055171
327,CR434720509343563776,900.4237288,73.16688116,90,255.9375,1271.891724,0.382545054,0.033619244,255.9375,1481.161377,0.249885648,0.02738544,255.9375,1147.101563,0.365717202,0.03265987
328,CR443973999202926592,288.4242424,86.25845612,250,292.96875,1142.772461,0.190719321,0.022216124,292.96875,994.6802979,0.301506102,0.027259439,292.96875,701.0569458,0.366792738,0.03131298
329,CR454986707666731008,17738.88771,70.45138232,600,703.125,1462.629639,0.025609709,0.005313203,703.125,2588.033203,0.040138867,0.007206578,703.125,1546.369019,0.035812311,0.00651879
330,CR455795948224774144,859.59,73.73205585,600,703.125,2479.156738,0.057915516,0.007470338,703.125,2664.668701,0.068368599,0.008376957,703.125,1894.384399,0.093200415,0.009799744
331,CR469588222083596288,6878,78.47647865,250,947.265625,10778.79395,0.172348991,0.012450163,947.265625,11233.4541,0.172462344,0.012507003,947.265625,8982.481445,0.188384265,0.013278652
332,CR470749306362527744,520.38,86.44669638,250,292.96875,5702.692871,0.43258369,0.036423437,292.96875,5590.478027,0.447430015,0.037046734,292.96875,5290.802734,0.432664424,0.036300503
333,CR478630605710426112,1709.289474,72.86956093,600,703.125,2477.522949,0.058829878,0.007539347,703.125,2675.953369,0.068156466,0.00839133,703.125,1907.892578,0.092971876,0.009838811
334,CR486511905058324480,271.4615385,78.17878616,250,947.265625,10893.50586,0.17052193,0.012363034,947.265625,11323.31934,0.17063944,0.012419941,947.265625,9018.78418,0.187637627,0.013249691
